file_name,label,x,y,w,h
"多瑕疵图片/不导电,脏点20180921085423对照样本.jpg",0,956,1028,353,49
"多瑕疵图片/不导电,脏点20180921085423对照样本.jpg",9,1046,960,57,43
"多瑕疵图片/不导电,脏点20180921085423对照样本.jpg",9,0,1022,30,47
"多瑕疵图片/不导电,脏点20180921085423对照样本.jpg",9,2320,1177,34,34
"多瑕疵图片/不导电,脏点20180921085507对照样本.jpg",0,0,948,738,453
"多瑕疵图片/不导电,脏点20180921085507对照样本.jpg",9,2352,1209,102,94
"多瑕疵图片/不导电,脏点20180921085557对照样本.jpg",0,9,975,2551,469
"多瑕疵图片/不导电,脏点20180921085557对照样本.jpg",9,1903,1107,29,41
"多瑕疵图片/不导电,脏点20180921085557对照样本.jpg",9,1240,1013,43,31
"多瑕疵图片/不导电,脏点20180921085557对照样本.jpg",9,1271,1201,214,45
"多瑕疵图片/不导电,脏点20180921091747对照样本.jpg",0,0,1113,552,225
"多瑕疵图片/不导电,脏点20180921091747对照样本.jpg",9,1252,1254,64,41
"多瑕疵图片/不导电,脏点20180921091747对照样本.jpg",9,899,891,64,47
"多瑕疵图片/不导电,脏点20180921091747对照样本.jpg",9,458,889,43,28
"多瑕疵图片/不导电,脏点20180921093046对照样本.jpg",9,611,1442,35,45
"多瑕疵图片/不导电,脏点20180921093046对照样本.jpg",9,63,1258,114,72
"多瑕疵图片/不导电,脏点20180921093046对照样本.jpg",9,1299,1083,49,41
"多瑕疵图片/不导电,脏点20180921093046对照样本.jpg",0,1611,1038,539,55
"多瑕疵图片/不导电,脏点20180921093508对照样本.jpg",9,2516,1232,24,47
"多瑕疵图片/不导电,脏点20180921093508对照样本.jpg",9,1165,1350,55,47
"多瑕疵图片/不导电,脏点20180921093508对照样本.jpg",0,0,1144,2560,39
"多瑕疵图片/不导电,脏点20180921105408对照样本.jpg",9,473,1424,45,38
"多瑕疵图片/不导电,脏点20180921105408对照样本.jpg",0,0,1491,2560,80
"多瑕疵图片/不导电,脏点20180921105418对照样本.jpg",0,0,1554,2560,104
"多瑕疵图片/不导电,脏点20180921105418对照样本.jpg",9,2465,1456,53,43
"多瑕疵图片/不导电,脏点20180921153903对照样本.jpg",0,89,1544,1737,114
"多瑕疵图片/不导电,脏点20180921153903对照样本.jpg",9,1,746,1245,492
"多瑕疵图片/不导电,脏点20180921155221对照样本.jpg",0,618,1711,1936,151
"多瑕疵图片/不导电,脏点20180921155221对照样本.jpg",9,991,1232,86,59
"多瑕疵图片/不导电,脏点20180921155221对照样本.jpg",9,1528,1507,53,45
"多瑕疵图片/不导电,脏点20180921160611对照样本.jpg",0,789,1542,1459,147
"多瑕疵图片/不导电,脏点20180921160611对照样本.jpg",9,905,1454,53,57
"多瑕疵图片/不导电,脏点20180928115046对照样本.jpg",0,0,1005,2560,90
"多瑕疵图片/不导电,脏点20180928115046对照样本.jpg",9,614,537,1215,147
"多瑕疵图片/不导电,脏点20180928115046对照样本.jpg",9,5,543,603,244
"多瑕疵图片/不导电,脏点20180928115046对照样本.jpg",9,1770,572,790,127
"多瑕疵图片/不导电,脏点20180928115300对照样本.jpg",0,1179,1143,364,212
"多瑕疵图片/不导电,脏点20180928115300对照样本.jpg",9,0,819,2560,418
"多瑕疵图片/不导电,角位漏底20180928115506对照样本.jpg",0,2,1178,2558,268
"多瑕疵图片/不导电,角位漏底20180928115506对照样本.jpg",2,0,1017,2560,155
"多瑕疵图片/不导电,角位漏底20180928115522对照样本.jpg",2,2,1090,2558,217
"多瑕疵图片/不导电,角位漏底20180928115522对照样本.jpg",0,0,1322,2560,330
"多瑕疵图片/不导电,角位漏底20180928115538对照样本.jpg",2,0,1075,2560,182
"多瑕疵图片/不导电,角位漏底20180928115538对照样本.jpg",0,0,1293,2560,294
"多瑕疵图片/不导电,角位漏底20180928115543对照样本.jpg",2,0,937,2560,234
"多瑕疵图片/不导电,角位漏底20180928115543对照样本.jpg",0,0,1184,2560,271
"多瑕疵图片/不导电,角位漏底20180928115548对照样本.jpg",2,0,975,2560,208
"多瑕疵图片/不导电,角位漏底20180928115548对照样本.jpg",0,0,1196,2560,221
"多瑕疵图片/不导电,角位漏底20180928115600对照样本.jpg",2,0,936,2560,228
"多瑕疵图片/不导电,角位漏底20180928115600对照样本.jpg",0,0,1181,2560,265
"多瑕疵图片/不导电,角位漏底20180928115619对照样本.jpg",2,0,1084,2560,199
"多瑕疵图片/不导电,角位漏底20180928115619对照样本.jpg",0,0,1319,2560,311
"多瑕疵图片/不导电,角位漏底20180928115623对照样本.jpg",2,0,1069,2560,207
"多瑕疵图片/不导电,角位漏底20180928115623对照样本.jpg",0,0,1322,2560,300
"多瑕疵图片/不导电,角位漏底20180928115635对照样本.jpg",2,0,1119,2558,112
"多瑕疵图片/不导电,角位漏底20180928115635对照样本.jpg",2,870,1043,1344,47
"多瑕疵图片/不导电,角位漏底20180928115635对照样本.jpg",0,0,1261,2560,317
"多瑕疵图片/不导电,角位漏底20180928115640对照样本.jpg",2,0,987,2560,203
"多瑕疵图片/不导电,角位漏底20180928115640对照样本.jpg",0,0,1217,2560,308
"多瑕疵图片/不导电,角位漏底20180928115649对照样本.jpg",2,0,993,2560,204
"多瑕疵图片/不导电,角位漏底20180928115649对照样本.jpg",0,0,1202,2560,317
"多瑕疵图片/不导电,角位漏底20180928115659对照样本.jpg",2,0,961,2560,203
"多瑕疵图片/不导电,角位漏底20180928115659对照样本.jpg",0,0,1181,2560,306
"多瑕疵图片/不导电,角位漏底20180928115718对照样本.jpg",2,0,1105,2560,197
"多瑕疵图片/不导电,角位漏底20180928115718对照样本.jpg",0,0,1367,2560,288
"多瑕疵图片/不导电,角位漏底20180928115741对照样本.jpg",2,0,1055,2560,270
"多瑕疵图片/不导电,角位漏底20180928115741对照样本.jpg",0,0,1308,2560,370
"多瑕疵图片/不导电,角位漏底20180928115746对照样本.jpg",2,0,811,2560,253
"多瑕疵图片/不导电,角位漏底20180928115746对照样本.jpg",0,0,1040,2560,338
"多瑕疵图片/不导电,角位漏底20180928115751对照样本.jpg",2,0,1072,2560,280
"多瑕疵图片/不导电,角位漏底20180928115751对照样本.jpg",0,2,1328,2558,386
"多瑕疵图片/不导电,角位漏底20180928115757对照样本.jpg",2,0,814,2560,255
"多瑕疵图片/不导电,角位漏底20180928115757对照样本.jpg",0,0,1040,2560,347
"多瑕疵图片/喷流,漆泡20180920162541对照样本.jpg",5,0,1134,2452,244
"多瑕疵图片/喷流,漆泡20180920162541对照样本.jpg",6,2130,1256,104,78
"多瑕疵图片/喷流,漆泡20180920162541对照样本.jpg",6,1967,1287,59,33
"多瑕疵图片/喷流,漆泡20180920162541对照样本.jpg",6,1240,1275,112,59
"多瑕疵图片/喷流,漆泡20180920162541对照样本.jpg",6,254,1236,50,36
"多瑕疵图片/喷流,漆泡20180920165605对照样本.jpg",5,0,1263,2085,207
"多瑕疵图片/喷流,漆泡20180920165605对照样本.jpg",6,706,1405,50,36
"多瑕疵图片/喷流,漆泡20180920165605对照样本.jpg",6,0,1394,162,59
"多瑕疵图片/喷流,脏点20180920151808对照样本.jpg",5,485,999,700,109
"多瑕疵图片/喷流,脏点20180920151808对照样本.jpg",9,61,737,77,91
"多瑕疵图片/喷流,脏点20180920151908对照样本.jpg",5,2,1017,447,191
"多瑕疵图片/喷流,脏点20180920151908对照样本.jpg",9,1561,858,85,59
"多瑕疵图片/喷流,脏点20180920152204对照样本.jpg",5,14,1317,1321,300
"多瑕疵图片/喷流,脏点20180920152204对照样本.jpg",5,1670,1199,841,362
"多瑕疵图片/喷流,脏点20180920152204对照样本.jpg",9,2273,701,41,43
"多瑕疵图片/喷流,脏点20180920152204对照样本.jpg",9,660,1671,58,55
"多瑕疵图片/喷流,脏点20180920152710对照样本.jpg",5,2,1114,2536,326
"多瑕疵图片/喷流,脏点20180920152710对照样本.jpg",9,2246,830,61,41
"多瑕疵图片/喷流,脏点20180920152724对照样本.jpg",5,2040,1255,465,153
"多瑕疵图片/喷流,脏点20180920152724对照样本.jpg",9,1826,750,75,57
"多瑕疵图片/擦花,脏点20180911105355对照样本.jpg",1,38,287,2522,961
"多瑕疵图片/擦花,脏点20180911105355对照样本.jpg",9,252,1756,70,53
"多瑕疵图片/擦花,脏点20180911105355对照样本.jpg",9,591,422,45,42
"多瑕疵图片/擦花,脏点20180911105355对照样本.jpg",9,1648,1171,37,59
"多瑕疵图片/擦花,脏点20180911105355对照样本.jpg",9,1140,848,67,47
"多瑕疵图片/擦花,脏点20180911105355对照样本.jpg",9,1914,1685,42,49
"多瑕疵图片/擦花,脏点20180911105355对照样本.jpg",9,1046,1552,57,59
"多瑕疵图片/擦花,脏点20180911110333对照样本.jpg",9,1705,903,43,66
"多瑕疵图片/擦花,脏点20180911110333对照样本.jpg",1,1863,999,373,102
"多瑕疵图片/擦花,脏点20180911111025对照样本.jpg",9,1442,1154,98,74
"多瑕疵图片/擦花,脏点20180911111025对照样本.jpg",9,2071,1152,63,53
"多瑕疵图片/擦花,脏点20180911111025对照样本.jpg",1,938,593,118,133
"多瑕疵图片/擦花,脏点20180911140208对照样本.jpg",1,1299,30,835,681
"多瑕疵图片/擦花,脏点20180911140208对照样本.jpg",9,875,583,65,47
"多瑕疵图片/擦花,脏点20180911140208对照样本.jpg",9,1285,1317,47,86
"多瑕疵图片/擦花,脏点20180911142325对照样本.jpg",1,97,1381,2190,539
"多瑕疵图片/擦花,脏点20180911142325对照样本.jpg",9,907,1379,43,43
"多瑕疵图片/擦花,脏点20180911142325对照样本.jpg",9,18,977,153,136
"多瑕疵图片/擦花,脏点20180911143815对照样本.jpg",1,1695,124,235,118
"多瑕疵图片/擦花,脏点20180911143815对照样本.jpg",9,901,1146,84,47
"多瑕疵图片/擦花,脏点20180912095907对照样本.jpg",1,1011,375,100,757
"多瑕疵图片/擦花,脏点20180912095907对照样本.jpg",9,222,607,541,713
"多瑕疵图片/擦花,脏点20180912095907对照样本.jpg",9,40,320,227,326
"多瑕疵图片/擦花,脏点20180912095907对照样本.jpg",9,387,22,396,432
"多瑕疵图片/杂色,不导电20180924144427对照样本.jpg",0,0,917,2560,756
"多瑕疵图片/杂色,不导电20180924144427对照样本.jpg",8,0,915,2560,756
"多瑕疵图片/桔皮,脏点20180921095034对照样本.jpg",3,0,266,2560,145
"多瑕疵图片/桔皮,脏点20180921095034对照样本.jpg",9,838,573,165,204
"多瑕疵图片/桔皮,脏点20180921095034对照样本.jpg",9,1911,638,76,55
"多瑕疵图片/桔皮,脏点20180921095034对照样本.jpg",9,2344,560,55,74
"多瑕疵图片/桔皮,脏点20180921095034对照样本.jpg",9,667,822,51,36
"多瑕疵图片/桔皮,脏点20180921095034对照样本.jpg",9,1114,813,53,51
"多瑕疵图片/桔皮,脏点20180921095034对照样本.jpg",9,54,526,66,34
"多瑕疵图片/桔皮,脏点20180921095034对照样本.jpg",9,138,677,59,112
"多瑕疵图片/桔皮,脏点20180921095041对照样本.jpg",3,0,211,2560,147
"多瑕疵图片/桔皮,脏点20180921095041对照样本.jpg",9,2240,462,65,49
"多瑕疵图片/桔皮,脏点20180921095041对照样本.jpg",9,2314,650,51,35
"多瑕疵图片/桔皮,脏点20180921095041对照样本.jpg",9,342,403,39,43
"多瑕疵图片/桔皮,脏点20180921095041对照样本.jpg",9,1518,650,67,43
"多瑕疵图片/桔皮,脏点20180921095136对照样本.jpg",3,0,193,2560,210
"多瑕疵图片/桔皮,脏点20180921095136对照样本.jpg",9,1860,748,194,65
"多瑕疵图片/桔皮,脏点20180921095136对照样本.jpg",9,1481,577,79,55
"多瑕疵图片/桔皮,脏点20180921095143对照样本.jpg",3,0,289,2560,202
"多瑕疵图片/桔皮,脏点20180921095143对照样本.jpg",9,5,503,66,41
"多瑕疵图片/桔皮,脏点20180921095143对照样本.jpg",9,2020,809,55,60
"多瑕疵图片/桔皮,脏点20180921095340对照样本.jpg",3,0,232,2560,194
"多瑕疵图片/桔皮,脏点20180921095340对照样本.jpg",9,2067,687,140,104
"多瑕疵图片/桔皮,脏点20180921095340对照样本.jpg",9,291,669,39,46
"多瑕疵图片/桔皮,脏点20180921095928对照样本.jpg",3,0,248,2560,494
"多瑕疵图片/桔皮,脏点20180921095928对照样本.jpg",9,718,754,69,68
"多瑕疵图片/桔皮,脏点20180921095928对照样本.jpg",9,416,536,55,45
"多瑕疵图片/桔皮,脏点20180921095935对照样本.jpg",3,0,232,2560,275
"多瑕疵图片/桔皮,脏点20180921095935对照样本.jpg",9,1358,750,66,39
"多瑕疵图片/桔皮,脏点20180921095935对照样本.jpg",9,583,675,49,112
"多瑕疵图片/桔皮,脏点20180921095943对照样本.jpg",3,0,232,2560,349
"多瑕疵图片/桔皮,脏点20180921095943对照样本.jpg",9,611,713,41,33
"多瑕疵图片/桔皮,脏点20180921095943对照样本.jpg",9,2281,746,47,43
"多瑕疵图片/桔皮,脏点20180921095950对照样本.jpg",3,0,199,2560,445
"多瑕疵图片/桔皮,脏点20180921095950对照样本.jpg",9,1342,666,47,56
"多瑕疵图片/桔皮,脏点20180921095950对照样本.jpg",9,2134,558,49,45
"多瑕疵图片/桔皮,脏点20180921100023对照样本.jpg",3,0,303,2560,294
"多瑕疵图片/桔皮,脏点20180921100023对照样本.jpg",9,1942,750,159,74
"多瑕疵图片/桔皮,脏点20180921100030对照样本.jpg",3,0,299,2560,363
"多瑕疵图片/桔皮,脏点20180921100030对照样本.jpg",9,156,648,84,72
"多瑕疵图片/桔皮,脏点20180921100048对照样本.jpg",3,0,185,2560,618
"多瑕疵图片/桔皮,脏点20180921100048对照样本.jpg",9,2456,713,55,47
"多瑕疵图片/桔皮,脏点20180921100249对照样本.jpg",3,0,293,2560,241
"多瑕疵图片/桔皮,脏点20180921100249对照样本.jpg",9,1005,597,41,63
"多瑕疵图片/桔皮,脏点20180921100249对照样本.jpg",9,522,601,149,106
"多瑕疵图片/桔皮,脏点20180921100249对照样本.jpg",9,830,732,75,73
"多瑕疵图片/桔皮,脏点20180921100256对照样本.jpg",3,0,258,2560,413
"多瑕疵图片/桔皮,脏点20180921100256对照样本.jpg",9,109,503,66,49
"多瑕疵图片/桔皮,脏点20180921100316对照样本.jpg",3,0,254,2560,372
"多瑕疵图片/桔皮,脏点20180921100316对照样本.jpg",9,2250,707,55,49
"多瑕疵图片/桔皮,脏点20180921100421对照样本.jpg",3,0,205,2560,378
"多瑕疵图片/桔皮,脏点20180921100421对照样本.jpg",9,1332,711,59,94
"多瑕疵图片/桔皮,脏点20180921100707对照样本.jpg",3,0,132,2560,526
"多瑕疵图片/桔皮,脏点20180921100707对照样本.jpg",9,524,548,53,51
"多瑕疵图片/桔皮,脏点20180921100714对照样本.jpg",3,0,277,2560,196
"多瑕疵图片/桔皮,脏点20180921100714对照样本.jpg",9,532,691,47,43
"多瑕疵图片/桔皮,脏点20180921100714对照样本.jpg",9,724,593,77,73
"多瑕疵图片/桔皮,脏点20180921100714对照样本.jpg",9,1805,660,62,74
"多瑕疵图片/桔皮,脏点20180921100738对照样本.jpg",3,0,273,2560,330
"多瑕疵图片/桔皮,脏点20180921100738对照样本.jpg",9,185,497,47,53
"多瑕疵图片/桔皮,脏点20180921100818对照样本.jpg",3,0,181,2560,194
"多瑕疵图片/桔皮,脏点20180921100818对照样本.jpg",9,1083,577,71,69
"多瑕疵图片/桔皮,脏点20180921102058对照样本.jpg",9,297,538,53,53
"多瑕疵图片/桔皮,脏点20180921102058对照样本.jpg",3,0,111,2560,70
"多瑕疵图片/桔皮,脏点20180921102112对照样本.jpg",3,0,211,2560,70
"多瑕疵图片/桔皮,脏点20180921102112对照样本.jpg",9,934,697,59,41
"多瑕疵图片/桔皮,脏点20180921102147对照样本.jpg",3,0,238,2560,73
"多瑕疵图片/桔皮,脏点20180921102147对照样本.jpg",9,783,752,67,80
"多瑕疵图片/桔皮,脏点20180921102147对照样本.jpg",9,1173,769,69,81
"多瑕疵图片/桔皮,脏点20180921102227对照样本.jpg",9,1244,771,61,55
"多瑕疵图片/桔皮,脏点20180921102227对照样本.jpg",9,2075,785,63,51
"多瑕疵图片/桔皮,脏点20180921102227对照样本.jpg",3,0,222,2560,73
"多瑕疵图片/桔皮,脏点20180921102422对照样本.jpg",3,0,242,2560,67
"多瑕疵图片/桔皮,脏点20180921102422对照样本.jpg",9,789,830,65,53
"多瑕疵图片/桔皮,脏点20180921102500对照样本.jpg",3,0,162,2560,68
"多瑕疵图片/桔皮,脏点20180921102500对照样本.jpg",9,1405,705,45,49
"多瑕疵图片/桔皮,脏点20180921102500对照样本.jpg",9,2279,552,47,43
"多瑕疵图片/桔皮,脏点20180921102500对照样本.jpg",9,1960,769,68,51
"多瑕疵图片/桔皮,脏点20180921102523对照样本.jpg",3,0,91,2560,73
"多瑕疵图片/桔皮,脏点20180921102523对照样本.jpg",9,577,673,59,51
"多瑕疵图片/桔皮,脏点20180921102523对照样本.jpg",9,1960,642,31,39
"多瑕疵图片/桔皮,脏点20180921102531对照样本.jpg",3,0,169,2560,67
"多瑕疵图片/桔皮,脏点20180921102531对照样本.jpg",9,2293,746,59,51
"多瑕疵图片/桔皮,脏点20180924090919对照样本.jpg",3,0,436,2560,169
"多瑕疵图片/桔皮,脏点20180924090919对照样本.jpg",9,1509,250,70,65
"多瑕疵图片/桔皮,脏点20180924091647对照样本.jpg",3,0,375,2560,188
"多瑕疵图片/桔皮,脏点20180924091647对照样本.jpg",9,283,307,37,41
"多瑕疵图片/桔皮,脏点20180924091757对照样本.jpg",3,0,444,2560,195
"多瑕疵图片/桔皮,脏点20180924091757对照样本.jpg",9,56,240,115,67
"多瑕疵图片/桔皮,脏点20180924091757对照样本.jpg",9,646,430,51,43
"多瑕疵图片/桔皮,脏点20180924092235对照样本.jpg",3,0,460,2560,211
"多瑕疵图片/桔皮,脏点20180924092235对照样本.jpg",9,487,93,192,41
"多瑕疵图片/桔皮,脏点20180924092235对照样本.jpg",9,916,407,57,45
"多瑕疵图片/桔皮,脏点20180924092248对照样本.jpg",3,0,358,2560,254
"多瑕疵图片/桔皮,脏点20180924092248对照样本.jpg",9,738,228,49,41
"多瑕疵图片/桔皮,脏点20180924092248对照样本.jpg",9,852,336,76,45
"多瑕疵图片/漆泡,脏点20180920111529对照样本.jpg",6,0,1478,2529,103
"多瑕疵图片/漆泡,脏点20180920111529对照样本.jpg",9,1324,1201,39,49
"多瑕疵图片/漆泡,脏点20180920111529对照样本.jpg",9,1883,960,55,57
"多瑕疵图片/脏点,漏底20180918111716对照样本.jpg",4,0,1428,2560,67
"多瑕疵图片/脏点,漏底20180918111716对照样本.jpg",9,2075,1052,51,43
"多瑕疵图片/脏点,漏底20180920094635对照样本.jpg",4,0,1519,2560,142
"多瑕疵图片/脏点,漏底20180920094635对照样本.jpg",9,2196,1328,80,71
"多瑕疵图片/脏点,漏底20180929101310对照样本.jpg",4,0,1040,285,91
"多瑕疵图片/脏点,漏底20180929101310对照样本.jpg",4,514,1058,341,85
"多瑕疵图片/脏点,漏底20180929101310对照样本.jpg",4,1338,1078,1222,82
"多瑕疵图片/脏点,漏底20180929101310对照样本.jpg",9,217,1328,141,100
"多瑕疵图片/脏点,漏底20180929101310对照样本.jpg",9,1358,1605,132,56
"多瑕疵图片/脏点,漏底20180929101350对照样本.jpg",4,696,1046,1864,85
"多瑕疵图片/脏点,漏底20180929101350对照样本.jpg",4,0,1043,690,71
"多瑕疵图片/脏点,漏底20180929101350对照样本.jpg",9,17,611,115,170
"多瑕疵图片/脏点,漏底20180929101350对照样本.jpg",9,2317,1208,206,88
"多瑕疵图片/脏点,漏底20180929101640对照样本.jpg",4,0,1064,2560,88
"多瑕疵图片/脏点,漏底20180929101640对照样本.jpg",9,0,708,58,91
"多瑕疵图片/脏点,漏底20180929101640对照样本.jpg",9,288,708,205,109
"多瑕疵图片/脏点,漏底20180929101640对照样本.jpg",9,1411,740,106,59
"多瑕疵图片/脏点,漏底20180929101640对照样本.jpg",9,1673,672,115,153
"多瑕疵图片/脏点,漏底20180929101640对照样本.jpg",9,2017,749,65,76
"多瑕疵图片/脏点,漏底20180929101640对照样本.jpg",9,2052,890,227,77
"多瑕疵图片/脏点,漏底20180929101640对照样本.jpg",9,988,878,141,94
"多瑕疵图片/脏点,漏底20180929101726对照样本.jpg",4,0,1173,2560,83
"多瑕疵图片/脏点,漏底20180929101726对照样本.jpg",9,732,1073,77,40
"多瑕疵图片/脏点,漏底20180929101744对照样本.jpg",4,0,1267,2560,85
"多瑕疵图片/脏点,漏底20180929101744对照样本.jpg",9,1352,931,65,56
"多瑕疵图片/脏点,漏底20180929101744对照样本.jpg",9,2167,1675,106,86
"多瑕疵图片/脏点,漏底20180929101826对照样本.jpg",4,0,1055,2560,109
"多瑕疵图片/脏点,漏底20180929101826对照样本.jpg",9,1761,737,415,106
"多瑕疵图片/脏点,漏底20180929101826对照样本.jpg",9,446,961,186,85
"多瑕疵图片/脏点,漏底20180929104510对照样本.jpg",4,0,1202,2560,153
"多瑕疵图片/脏点,漏底20180929104510对照样本.jpg",9,1888,1619,482,206
"多瑕疵图片/脏点,漏底20180929104631对照样本.jpg",4,0,1511,2560,129
"多瑕疵图片/脏点,漏底20180929104631对照样本.jpg",9,914,1605,159,126
"多瑕疵图片/脏点,漏底20180929104653对照样本.jpg",4,0,1402,2560,129
"多瑕疵图片/脏点,漏底20180929104653对照样本.jpg",9,1296,1278,533,53
"多瑕疵图片/脏点,漏底20180929104714对照样本.jpg",4,0,1514,2560,126
"多瑕疵图片/脏点,漏底20180929104714对照样本.jpg",9,446,1637,1003,100
"多瑕疵图片/脏点,漏底20180929104742对照样本.jpg",4,0,1517,2560,129
"多瑕疵图片/脏点,漏底20180929104742对照样本.jpg",9,773,1637,291,150
"多瑕疵图片/脏点,漏底20180929104742对照样本.jpg",9,1664,1211,109,108
"多瑕疵图片/脏点,漏底20180929104742对照样本.jpg",9,1767,1652,568,129
"多瑕疵图片/脏点,漏底20180929104742对照样本.jpg",9,970,1299,609,179
"多瑕疵图片/脏点,漏底20180929104806对照样本.jpg",4,0,1493,2560,144
"多瑕疵图片/脏点,漏底20180929104806对照样本.jpg",9,1011,1625,321,100
"多瑕疵图片/脏点,漏底20180929104806对照样本.jpg",9,1488,1628,376,136
"多瑕疵图片/脏点,漏底20180929104816对照样本.jpg",4,0,1493,2560,147
"多瑕疵图片/脏点,漏底20180929104816对照样本.jpg",9,411,1605,703,129
"多瑕疵图片/脏点,漏底20180929104827对照样本.jpg",4,0,1581,2560,138
"多瑕疵图片/脏点,漏底20180929104827对照样本.jpg",9,799,1675,1089,171
"多瑕疵图片/脏点,漏底20180929104933对照样本.jpg",4,0,1581,2560,130
"多瑕疵图片/脏点,漏底20180929104933对照样本.jpg",9,788,1684,1555,171
"多瑕疵图片/脏点,漏底20180929104942对照样本.jpg",4,0,1531,2560,138
"多瑕疵图片/脏点,漏底20180929104942对照样本.jpg",9,1279,1667,853,185
"多瑕疵图片/脏点,漏底20180929105003对照样本.jpg",4,0,1434,2560,150
"多瑕疵图片/脏点,漏底20180929105003对照样本.jpg",9,1785,1587,770,203
"多瑕疵图片/脏点,漏底20180929105707对照样本.jpg",4,0,1454,2560,145
"多瑕疵图片/脏点,漏底20180929105707对照样本.jpg",9,1022,1617,120,70
"多瑕疵图片/脏点,漏底20180929105707对照样本.jpg",9,1952,1681,119,57
"多瑕疵图片/脏点,漏底20180929105707对照样本.jpg",9,175,1595,104,55
"多瑕疵图片/脏点,漏底20180929110030对照样本.jpg",4,0,1585,2560,79
"多瑕疵图片/脏点,漏底20180929110030对照样本.jpg",9,2109,1489,96,43
"多瑕疵图片/脏点,漏底20180929110129对照样本.jpg",9,469,1328,157,55
"多瑕疵图片/脏点,漏底20180929110129对照样本.jpg",9,677,1826,53,55
"多瑕疵图片/脏点,漏底20180929110129对照样本.jpg",9,356,1705,31,37
"多瑕疵图片/脏点,漏底20180929110129对照样本.jpg",4,0,1613,2560,80
"多瑕疵图片/脏点,漏底20180929110215对照样本.jpg",4,0,1589,2560,75
"多瑕疵图片/脏点,漏底20180929110215对照样本.jpg",9,81,1456,77,78
"多瑕疵图片/脏点,角位漏底20180924100811对照样本.jpg",2,0,699,2560,310
"多瑕疵图片/脏点,角位漏底20180924100811对照样本.jpg",9,956,1146,141,65
"多瑕疵图片/脏点,角位漏底20180924102252对照样本.jpg",2,0,1052,2560,335
"多瑕疵图片/脏点,角位漏底20180924102252对照样本.jpg",9,811,1591,64,45
"多瑕疵图片/脏点,角位漏底20180924102252对照样本.jpg",9,2009,1646,198,51
"多瑕疵图片/脏点,角位漏底20180924102303对照样本.jpg",2,0,1048,2560,352
"多瑕疵图片/脏点,角位漏底20180924102303对照样本.jpg",9,1487,1652,71,74
"多瑕疵图片/脏点,角位漏底20180924102440对照样本.jpg",2,0,1013,2560,178
"多瑕疵图片/脏点,角位漏底20180924102440对照样本.jpg",9,479,1142,53,29
"多瑕疵图片/脏点,角位漏底20180924102440对照样本.jpg",9,1099,1354,208,110
"多瑕疵图片/脏点,角位漏底20180924102440对照样本.jpg",9,416,1234,49,35
"多瑕疵图片/脏点,角位漏底20180924102440对照样本.jpg",9,289,1366,151,90
"多瑕疵图片/脏点,角位漏底20180924102459对照样本.jpg",2,420,1575,61,63
"多瑕疵图片/脏点,角位漏底20180924102459对照样本.jpg",9,0,1307,2560,202
"多瑕疵图片/脏点,角位漏底20180924102559对照样本.jpg",2,0,973,2560,122
"多瑕疵图片/脏点,角位漏底20180924102559对照样本.jpg",9,1075,1154,75,145
"多瑕疵图片/脏点,角位漏底20180924102615对照样本.jpg",2,0,911,2560,135
"多瑕疵图片/脏点,角位漏底20180924102615对照样本.jpg",9,1089,1224,67,93
"多瑕疵图片/脏点,角位漏底20180924102727对照样本.jpg",2,0,1215,2560,147
"多瑕疵图片/脏点,角位漏底20180924102727对照样本.jpg",9,1375,1169,49,57
"多瑕疵图片/脏点,角位漏底20180924102727对照样本.jpg",9,2034,1630,86,57
"多瑕疵图片/脏点,角位漏底20180928145107对照样本.jpg",2,0,743,2560,132
"多瑕疵图片/脏点,角位漏底20180928145107对照样本.jpg",9,61,1011,335,176
"多瑕疵图片/脏点,角位漏底20180928145107对照样本.jpg",9,1052,869,168,100
"多瑕疵图片/脏点,角位漏底20180928145107对照样本.jpg",9,2152,981,338,186
"多瑕疵图片/脏点,角位漏底20180928145107对照样本.jpg",9,523,978,391,215
"多瑕疵图片/脏点,角位漏底20180928145137对照样本.jpg",2,0,934,2560,109
"多瑕疵图片/脏点,角位漏底20180928145137对照样本.jpg",9,2470,1222,70,50
"多瑕疵图片/脏点,角位漏底20180928145137对照样本.jpg",9,990,1049,227,97
"多瑕疵图片/脏点,角位漏底20180928145206对照样本.jpg",2,0,940,2560,100
"多瑕疵图片/脏点,角位漏底20180928145206对照样本.jpg",9,946,1202,121,73
"多瑕疵图片/脏点,角位漏底20180928145206对照样本.jpg",9,620,1031,276,153
"多瑕疵图片/脏点,角位漏底20180928145251对照样本.jpg",2,0,922,2560,92
"多瑕疵图片/脏点,角位漏底20180928145251对照样本.jpg",9,214,1046,197,121
"多瑕疵图片/脏点,角位漏底20180928145301对照样本.jpg",2,0,922,2560,103
"多瑕疵图片/脏点,角位漏底20180928145301对照样本.jpg",9,367,1252,323,117
"多瑕疵图片/脏点,角位漏底20180928145301对照样本.jpg",9,1293,1278,106,83
"多瑕疵图片/脏点,角位漏底20180928145301对照样本.jpg",9,1252,1064,147,94
"多瑕疵图片/脏点,角位漏底20180928145301对照样本.jpg",9,988,1208,88,67
"多瑕疵图片/脏点,角位漏底20180928145328对照样本.jpg",2,0,925,2560,97
"多瑕疵图片/脏点,角位漏底20180928145328对照样本.jpg",9,502,1249,256,70
"多瑕疵图片/脏点,角位漏底20180928145328对照样本.jpg",9,1549,1178,968,177
"多瑕疵图片/脏点,角位漏底20180928145328对照样本.jpg",9,2108,1040,335,121
"多瑕疵图片/脏点,角位漏底20180928145328对照样本.jpg",9,593,1046,206,132
"多瑕疵图片/脏点,角位漏底20180928145354对照样本.jpg",2,2,828,2558,141
"多瑕疵图片/脏点,角位漏底20180928145354对照样本.jpg",9,1320,1005,59,56
"多瑕疵图片/脏点,角位漏底20180928145354对照样本.jpg",9,1655,1022,71,68
"多瑕疵图片/脏点,角位漏底20180928145354对照样本.jpg",9,890,1046,127,91
"多瑕疵图片/脏点,角位漏底20180928145354对照样本.jpg",9,905,1117,174,123
"多瑕疵图片/脏点,角位漏底20180928145425对照样本.jpg",2,0,1072,2560,121
"多瑕疵图片/脏点,角位漏底20180928145425对照样本.jpg",9,1699,1175,577,183
"多瑕疵图片/脏点,角位漏底20180928145425对照样本.jpg",9,829,1237,67,53
"多瑕疵图片/脏点,角位漏底20180928145425对照样本.jpg",9,5,1393,435,176
"多瑕疵图片/脏点,角位漏底20180928145425对照样本.jpg",9,0,1219,385,165
"多瑕疵图片/脏点,角位漏底20180928145525对照样本.jpg",2,0,987,2560,82
"多瑕疵图片/脏点,角位漏底20180928145525对照样本.jpg",9,240,1093,656,144
"多瑕疵图片/脏点,角位漏底20180928145711对照样本.jpg",2,0,1158,2560,117
"多瑕疵图片/脏点,角位漏底20180928145711对照样本.jpg",9,973,1514,100,91
"多瑕疵图片/脏点,角位漏底20180928145711对照样本.jpg",9,717,1293,138,150
"多瑕疵图片/脏点,角位漏底20180928145927对照样本.jpg",2,0,908,2560,123
"多瑕疵图片/脏点,角位漏底20180928145927对照样本.jpg",9,479,1217,64,44
"多瑕疵图片/脏点,角位漏底20180928145927对照样本.jpg",9,638,1184,576,180
"多瑕疵图片/脏点,角位漏底20180928145927对照样本.jpg",9,26,1190,117,162
"多瑕疵图片/脏点,角位漏底20180928145927对照样本.jpg",9,1520,1219,176,139
"多瑕疵图片/脏点,角位漏底20180928150007对照样本.jpg",2,0,1034,2560,109
"多瑕疵图片/脏点,角位漏底20180928150007对照样本.jpg",9,332,1005,100,38
"多瑕疵图片/脏点,角位漏底20180928150855对照样本.jpg",2,405,1231,2155,107
"多瑕疵图片/脏点,角位漏底20180928150855对照样本.jpg",9,1058,1393,382,135
"多瑕疵图片/脏点,角位漏底20180928150855对照样本.jpg",9,1879,1346,464,176
"多瑕疵图片/脏点,角位漏底20180928151141对照样本.jpg",2,0,793,2560,112
"多瑕疵图片/脏点,角位漏底20180928151141对照样本.jpg",9,2,914,850,117
"多瑕疵图片/脏点,角位漏底20180928151141对照样本.jpg",9,973,934,367,100
"多瑕疵图片/脏点,角位漏底20180928151141对照样本.jpg",9,1823,964,215,85
"多瑕疵图片/脏点,角位漏底20180928151141对照样本.jpg",9,2385,943,175,94
"多瑕疵图片/脏点,角位漏底20180928151217对照样本.jpg",2,0,825,2560,143
"多瑕疵图片/脏点,角位漏底20180928151217对照样本.jpg",9,0,978,467,112
"多瑕疵图片/脏点,角位漏底20180928151217对照样本.jpg",9,0,1102,352,179
"多瑕疵图片/脏点,角位漏底20180928151217对照样本.jpg",9,1826,981,638,127
"多瑕疵图片/脏点,角位漏底20180928151257对照样本.jpg",2,0,999,2560,82
"多瑕疵图片/脏点,角位漏底20180928151257对照样本.jpg",9,8,1093,1903,138
"多瑕疵图片/脏点,角位漏底20180928151539对照样本.jpg",2,0,996,2560,138
"多瑕疵图片/脏点,角位漏底20180928151539对照样本.jpg",9,176,1102,1362,153
"多瑕疵图片/脏点,角位漏底20180928151539对照样本.jpg",9,0,1255,802,173
"多瑕疵图片/脏点,角位漏底20180928151539对照样本.jpg",9,1723,1267,97,94
"多瑕疵图片/脏点,角位漏底20180928151546对照样本.jpg",2,0,978,2560,139
"多瑕疵图片/脏点,角位漏底20180928151546对照样本.jpg",9,1626,1275,500,142
"多瑕疵图片/脏点,角位漏底20180928151546对照样本.jpg",9,1876,1143,303,129
"多瑕疵图片/脏点,角位漏底20180928151546对照样本.jpg",9,14,1240,147,185
"多瑕疵图片/脏点,角位漏底20180928151614对照样本.jpg",2,0,1019,2560,102
"多瑕疵图片/脏点,角位漏底20180928151614对照样本.jpg",9,585,1108,1767,161
"多瑕疵图片/脏点,角位漏底20180928151614对照样本.jpg",9,1655,1314,527,144
"多瑕疵图片/脏点,角位漏底20180928151935对照样本.jpg",2,0,1084,2560,126
"多瑕疵图片/脏点,角位漏底20180928151935对照样本.jpg",9,890,1396,86,82
"多瑕疵图片/脏点,角位漏底20180928151935对照样本.jpg",9,352,1237,430,124
"多瑕疵图片/脏点,角位漏底20180928151946对照样本.jpg",2,0,1084,2560,121
"多瑕疵图片/脏点,角位漏底20180928151946对照样本.jpg",9,573,1443,82,76
"多瑕疵图片/脏点,角位漏底20180928151946对照样本.jpg",9,1564,1231,885,147
"多瑕疵图片/脏点,角位漏底20180928152005对照样本.jpg",2,0,1114,2560,113
"多瑕疵图片/脏点,角位漏底20180928152005对照样本.jpg",9,26,1219,1338,186
"多瑕疵图片/脏点,角位漏底20180928152005对照样本.jpg",9,11,1414,809,167
"多瑕疵图片/脏点,角位漏底20180928152005对照样本.jpg",9,2399,1305,115,62
"多瑕疵图片/脏点,角位漏底20180928152005对照样本.jpg",9,2140,1281,206,86
"多瑕疵图片/脏点,角位漏底20180928152121对照样本.jpg",2,0,811,2560,214
"多瑕疵图片/脏点,角位漏底20180928152121对照样本.jpg",9,264,793,76,53
"多瑕疵图片/脏点,角位漏底20180928152121对照样本.jpg",9,123,999,73,53
"多瑕疵图片/脏点,角位漏底20180928152121对照样本.jpg",9,2438,1102,67,56
"多瑕疵图片/脏点,角位漏底20180928152121对照样本.jpg",9,2473,1169,76,59
"多瑕疵图片/脏点,角位漏底20180928152121对照样本.jpg",9,2058,1258,185,100
"多瑕疵图片/脏点,角位漏底20180928152221对照样本.jpg",2,0,899,2560,193
"多瑕疵图片/脏点,角位漏底20180928152221对照样本.jpg",9,990,1255,98,82
"多瑕疵图片/脏点,角位漏底20180928152221对照样本.jpg",9,935,1055,176,82
"多瑕疵图片/脏点,角位漏底20180928152229对照样本.jpg",9,11,737,759,71
"多瑕疵图片/脏点,角位漏底20180928152229对照样本.jpg",2,17,808,2543,163
"多瑕疵图片/脏点,角位漏底20180928152229对照样本.jpg",9,123,922,1426,133
"多瑕疵图片/脏点,角位漏底20180928152229对照样本.jpg",9,1902,967,647,120
"多瑕疵图片/脏点,角位漏底20180928152229对照样本.jpg",9,55,1028,924,183
"多瑕疵图片/脏点,角位漏底20180928152736对照样本.jpg",2,0,584,2560,117
"多瑕疵图片/脏点,角位漏底20180928152736对照样本.jpg",9,2261,796,299,191
"多瑕疵图片/脏点,角位漏底20180928152736对照样本.jpg",9,1664,702,150,97
"多瑕疵图片/脏点,角位漏底20180928152849对照样本.jpg",2,0,705,2560,92
"多瑕疵图片/脏点,角位漏底20180928152849对照样本.jpg",9,1555,937,91,59
"多瑕疵图片/脏点,角位漏底20180928152849对照样本.jpg",9,85,802,1005,103
"多瑕疵图片/脏点,角位漏底20180928152849对照样本.jpg",9,2140,914,239,203
"多瑕疵图片/脏点,角位漏底20180928153050对照样本.jpg",2,0,784,2560,141
"多瑕疵图片/脏点,角位漏底20180928153050对照样本.jpg",9,2243,1022,118,42
"多瑕疵图片/脏点,角位漏底20180928153050对照样本.jpg",9,423,914,1662,138
"多瑕疵图片/脏点,角位漏底20180928154114对照样本.jpg",2,5,531,2555,115
"多瑕疵图片/脏点,角位漏底20180928154114对照样本.jpg",9,1614,649,162,56
"多瑕疵图片/脏点,角位漏底20180928154114对照样本.jpg",9,1379,719,73,50
"多瑕疵图片/脏点,角位漏底20180928154850对照样本.jpg",2,0,883,2560,120
"多瑕疵图片/脏点,角位漏底20180928154850对照样本.jpg",9,711,807,41,33
"多瑕疵图片/脏点,角位漏底20180928154850对照样本.jpg",9,2101,1126,45,38
"多瑕疵图片/脏点,角位漏底20180928155001对照样本.jpg",2,0,969,2560,92
"多瑕疵图片/脏点,角位漏底20180928155001对照样本.jpg",9,423,1084,153,141
"多瑕疵图片/脏点,角位漏底20180928155001对照样本.jpg",9,864,1108,82,64
"多瑕疵图片/脏点,角位漏底20180928155156对照样本.jpg",2,0,790,2560,118
"多瑕疵图片/脏点,角位漏底20180928155156对照样本.jpg",9,976,931,79,71
"多瑕疵图片/脏点,角位漏底20180928155156对照样本.jpg",9,2193,1046,112,44
"多瑕疵图片/脏点,角位漏底20180928155156对照样本.jpg",9,211,1078,88,39
"多瑕疵图片/脏点,角位漏底20180928155205对照样本.jpg",2,0,817,2560,97
"多瑕疵图片/脏点,角位漏底20180928155205对照样本.jpg",9,1105,937,283,97
"多瑕疵图片/脏点,角位漏底20180928155205对照样本.jpg",9,1811,1078,150,121
"多瑕疵图片/脏点,角位漏底20180928155205对照样本.jpg",9,40,1031,109,65
"多瑕疵图片/脏点,角位漏底20180928155335对照样本.jpg",2,0,1234,2538,141
"多瑕疵图片/脏点,角位漏底20180928155335对照样本.jpg",9,1017,1419,82,86
"多瑕疵图片/脏点,角位漏底20180928155335对照样本.jpg",9,1629,1340,311,168
"多瑕疵图片/脏点,角位漏底20180928155406对照样本.jpg",2,0,881,2560,103
"多瑕疵图片/脏点,角位漏底20180928155406对照样本.jpg",9,1358,969,85,56
"多瑕疵图片/脏点,角位漏底20180928155406对照样本.jpg",9,773,967,544,132
"多瑕疵图片/脏点,角位漏底20180928155604对照样本.jpg",2,0,1108,2560,79
"多瑕疵图片/脏点,角位漏底20180928155604对照样本.jpg",9,1011,1372,68,77
"多瑕疵图片/脏点,角位漏底20180928160119对照样本.jpg",2,2,905,2558,114
"多瑕疵图片/脏点,角位漏底20180928160119对照样本.jpg",9,188,1043,364,132
"多瑕疵图片/脏点,角位漏底20180928160119对照样本.jpg",9,658,1028,177,115
"多瑕疵图片/脏点,角位漏底20180928160119对照样本.jpg",9,1558,1008,171,141
"多瑕疵图片/脏点,角位漏底20180928160253对照样本.jpg",2,0,814,2560,129
"多瑕疵图片/脏点,角位漏底20180928160253对照样本.jpg",9,1361,955,332,91
"多瑕疵图片/脏点,角位漏底20180928160302对照样本.jpg",2,0,814,2560,132
"多瑕疵图片/脏点,角位漏底20180928160302对照样本.jpg",9,1211,1055,88,76
"多瑕疵图片/脏点,角位漏底20180928161136对照样本.jpg",2,0,449,2538,162
"多瑕疵图片/脏点,角位漏底20180928161136对照样本.jpg",9,1120,408,94,76
"多瑕疵图片/脏点,角位漏底20180928161136对照样本.jpg",9,764,578,571,80
"多瑕疵图片/脏点,角位漏底20180928161154对照样本.jpg",2,0,599,2560,146
"多瑕疵图片/脏点,角位漏底20180928161154对照样本.jpg",9,905,722,768,109
"多瑕疵图片/脏点,角位漏底20180928161321对照样本.jpg",2,0,1134,2560,132
"多瑕疵图片/脏点,角位漏底20180928161321对照样本.jpg",9,858,1120,64,28
"多瑕疵图片/脏点,角位漏底20180928161321对照样本.jpg",9,136,1056,220,45
"多瑕疵图片/脏点,角位漏底20180928161321对照样本.jpg",9,422,1093,92,39
"多瑕疵图片/脏点,角位漏底20180928161346对照样本.jpg",2,0,928,2560,97
"多瑕疵图片/脏点,角位漏底20180928161346对照样本.jpg",9,290,1043,242,141
"多瑕疵图片/脏点,角位漏底20180928161346对照样本.jpg",9,1770,1205,68,64
"多瑕疵图片/脏点,角位漏底20180928161346对照样本.jpg",9,623,1184,323,191
"多瑕疵图片/脏点,角位漏底20180928161616对照样本.jpg",2,0,881,2560,124
"多瑕疵图片/脏点,角位漏底20180928161616对照样本.jpg",9,529,1169,111,83
"多瑕疵图片/脏点,角位漏底20180928161648对照样本.jpg",2,176,861,1147,108
"多瑕疵图片/脏点,角位漏底20180928161648对照样本.jpg",9,1855,831,705,100
"多瑕疵图片/脏点,角位漏底20180928161648对照样本.jpg",9,240,1025,89,47
"多瑕疵图片/脏点,角位漏底20180928161723对照样本.jpg",2,0,896,2560,106
"多瑕疵图片/脏点,角位漏底20180928161723对照样本.jpg",9,1617,1061,323,73
"多瑕疵图片/脏点,角位漏底20180928161723对照样本.jpg",9,0,1149,802,218
"多瑕疵图片/脏点,角位漏底20180928161734对照样本.jpg",2,0,799,2560,150
"多瑕疵图片/脏点,角位漏底20180928161734对照样本.jpg",9,1626,1028,470,136
"多瑕疵图片/脏点,角位漏底20180928161759对照样本.jpg",2,0,731,2560,124
"多瑕疵图片/脏点,角位漏底20180928161759对照样本.jpg",9,2226,937,173,141
"多瑕疵图片/脏点,角位漏底20180928162156对照样本.jpg",2,0,1052,2560,106
"多瑕疵图片/脏点,角位漏底20180928162156对照样本.jpg",9,452,1202,97,82
"多瑕疵图片/脏点,角位漏底20180928162156对照样本.jpg",9,2049,1161,162,88
"多瑕疵图片/脏点,角位漏底20180928162228对照样本.jpg",2,0,1093,2560,127
"多瑕疵图片/脏点,角位漏底20180928162228对照样本.jpg",9,411,1007,70,51
"多瑕疵图片/脏点,角位漏底20180928162453对照样本.jpg",2,0,802,2560,103
"多瑕疵图片/脏点,角位漏底20180928162453对照样本.jpg",9,1752,928,100,53
"多瑕疵图片/脏点,角位漏底20180928162652对照样本.jpg",2,0,979,2560,114
"多瑕疵图片/脏点,角位漏底20180928162652对照样本.jpg",9,505,1146,66,53
"多瑕疵图片/脏点,角位漏底20180928162708对照样本.jpg",2,0,987,2560,97
"多瑕疵图片/脏点,角位漏底20180928162708对照样本.jpg",9,693,1087,89,62
"多瑕疵图片/脏点,角位漏底20180928163010对照样本.jpg",2,0,856,2560,135
"多瑕疵图片/脏点,角位漏底20180928163010对照样本.jpg",9,446,795,72,43
"多瑕疵图片/脏点,角位漏底20180928163329对照样本.jpg",2,0,487,2560,109
"多瑕疵图片/脏点,角位漏底20180928163329对照样本.jpg",9,1208,675,94,89
"多瑕疵图片/脏点,角位漏底20180928163426对照样本.jpg",2,0,722,2560,133
"多瑕疵图片/脏点,角位漏底20180928163426对照样本.jpg",9,138,690,108,53
"多瑕疵图片/脏点,角位漏底20180928163426对照样本.jpg",9,743,905,74,67
"多瑕疵图片/脏点,角位漏底20180928163426对照样本.jpg",9,1423,811,247,58
"多瑕疵图片/脏点,角位漏底20180928163443对照样本.jpg",2,0,917,2560,140
"多瑕疵图片/脏点,角位漏底20180928163443对照样本.jpg",9,773,846,106,38
"多瑕疵图片/脏点,角位漏底20180928163443对照样本.jpg",9,2017,1049,65,50
"多瑕疵图片/脏点,角位漏底20180928163443对照样本.jpg",9,2,1187,415,203
"多瑕疵图片/脏点,角位漏底20180928163456对照样本.jpg",2,14,705,2546,188
"多瑕疵图片/脏点,角位漏底20180928163456对照样本.jpg",9,14,1022,224,165
"多瑕疵图片/脏点,角位漏底20180928163519对照样本.jpg",9,732,1087,97,80
"多瑕疵图片/脏点,角位漏底20180928163519对照样本.jpg",2,570,752,1982,159
"多瑕疵图片/脏点,角位漏底20180928163519对照样本.jpg",2,5,843,565,88
"多瑕疵图片/脏点,角位漏底20180928163519对照样本.jpg",9,79,1078,103,59
"多瑕疵图片/脏点,角位漏底20180928163743对照样本.jpg",2,0,349,2560,115
"多瑕疵图片/脏点,角位漏底20180928163743对照样本.jpg",9,1955,587,85,44
"多瑕疵图片/脏点,角位漏底20180928163825对照样本.jpg",2,5,361,2555,120
"多瑕疵图片/脏点,角位漏底20180928163825对照样本.jpg",9,355,540,235,100
"多瑕疵图片/脏点,角位漏底20180928163852对照样本.jpg",2,0,727,2560,196
"多瑕疵图片/脏点,角位漏底20180928163852对照样本.jpg",9,314,769,79,59
"多瑕疵图片/脏点,角位漏底20180928163852对照样本.jpg",9,58,1037,115,103
"多瑕疵图片/脏点,角位漏底20180928163908对照样本.jpg",2,0,517,2560,129
"多瑕疵图片/脏点,角位漏底20180928163908对照样本.jpg",9,640,637,130,65
"多瑕疵图片/脏点,角位漏底20180928163908对照样本.jpg",9,435,717,82,58
"多瑕疵图片/脏点,角位漏底20180928164023对照样本.jpg",9,188,655,100,59
"多瑕疵图片/脏点,角位漏底20180928164023对照样本.jpg",2,570,670,1990,97
"多瑕疵图片/脏点,角位漏底20180928164316对照样本.jpg",2,0,808,2560,117
"多瑕疵图片/脏点,角位漏底20180928164316对照样本.jpg",9,1993,1081,112,77
"多瑕疵图片/脏点,角位漏底20180928165154对照样本.jpg",2,0,790,2558,126
"多瑕疵图片/脏点,角位漏底20180928165154对照样本.jpg",9,120,1040,206,147
"多瑕疵图片/脏点,角位漏底20180928165305对照样本.jpg",2,0,693,2560,94
"多瑕疵图片/脏点,角位漏底20180928165305对照样本.jpg",9,164,828,318,109
"多瑕疵图片/脏点,角位漏底20180928165305对照样本.jpg",9,1417,799,118,70
"多瑕疵图片/脏点,角位漏底20180928165305对照样本.jpg",9,646,946,271,91
"多瑕疵图片/脏点,角位漏底20180928165350对照样本.jpg",2,11,681,2053,91
"多瑕疵图片/脏点,角位漏底20180928165350对照样本.jpg",9,1505,864,94,64
"多瑕疵图片/脏点,角位漏底20180928165508对照样本.jpg",2,1082,587,1478,97
"多瑕疵图片/脏点,角位漏底20180928165508对照样本.jpg",9,1014,652,94,47
"多瑕疵图片/脏点,角位漏底20180928165508对照样本.jpg",9,508,617,124,97
"多瑕疵图片/脏点,角位漏底20180928165855对照样本.jpg",2,0,769,2560,99
"多瑕疵图片/脏点,角位漏底20180928165855对照样本.jpg",9,0,878,261,97
"多瑕疵图片/脏点,角位漏底20180928165855对照样本.jpg",9,640,1055,59,79
"多瑕疵图片/脏点,角位漏底20180928165855对照样本.jpg",9,726,908,85,59
"多瑕疵图片/脏点,角位漏底20180928165855对照样本.jpg",9,1829,849,264,100
"多瑕疵图片/脏点,角位漏底20180928165942对照样本.jpg",2,0,725,2560,157
"多瑕疵图片/脏点,角位漏底20180928165942对照样本.jpg",9,1155,655,1277,100
"多瑕疵图片/脏点,角位漏底20180928165942对照样本.jpg",9,88,855,1258,132
"多瑕疵图片/脏点,角位漏底20180928165951对照样本.jpg",2,0,387,2560,121
"多瑕疵图片/脏点,角位漏底20180928165951对照样本.jpg",9,214,567,103,58
"多瑕疵图片/脏点,角位漏底20180928165951对照样本.jpg",9,40,502,259,65
"多瑕疵图片/脏点,角位漏底20180928165951对照样本.jpg",9,1208,555,88,70
"多瑕疵图片/脏点,角位漏底20180928170006对照样本.jpg",2,0,531,2560,150
"多瑕疵图片/脏点,角位漏底20180928170006对照样本.jpg",9,355,669,980,100
"多瑕疵图片/脏点,角位漏底20180928170016对照样本.jpg",2,0,625,2560,189
"多瑕疵图片/脏点,角位漏底20180928170016对照样本.jpg",9,340,899,421,123
"多瑕疵图片/脏点,角位漏底20180928170151对照样本.jpg",2,0,775,2560,112
"多瑕疵图片/脏点,角位漏底20180928170151对照样本.jpg",9,1676,1081,162,115
"多瑕疵图片/脏点,角位漏底20180928170330对照样本.jpg",2,0,1011,2560,85
"多瑕疵图片/脏点,角位漏底20180928170330对照样本.jpg",9,532,943,291,59
"多瑕疵图片/脏点,角位漏底20180928171246对照样本.jpg",2,0,793,2560,108
"多瑕疵图片/脏点,角位漏底20180928171246对照样本.jpg",9,2146,1117,109,52
"多瑕疵图片/脏点,角位漏底20180928171246对照样本.jpg",9,1799,1069,227,115
"多瑕疵图片/脏点,角位漏底20180928171255对照样本.jpg",2,0,814,2560,90
"多瑕疵图片/脏点,角位漏底20180928171255对照样本.jpg",9,2326,1075,109,127
"多瑕疵图片/脏点,角位漏底20180928171346对照样本.jpg",2,0,978,2560,135
"多瑕疵图片/脏点,角位漏底20180928171346对照样本.jpg",9,26,1119,212,136
"多瑕疵图片/脏点,角位漏底20180928171404对照样本.jpg",2,2,1025,2558,133
"多瑕疵图片/脏点,角位漏底20180928171404对照样本.jpg",9,0,1346,449,191
"多瑕疵图片/脏点,角位漏底20180928171404对照样本.jpg",9,408,1190,312,109
"多瑕疵图片/脏点,角位漏底20180928171444对照样本.jpg",2,0,1093,2560,140
"多瑕疵图片/脏点,角位漏底20180928171444对照样本.jpg",9,1188,1222,255,89
"多瑕疵图片/脏点,角位漏底20180928171513对照样本.jpg",2,0,990,2560,111
"多瑕疵图片/脏点,角位漏底20180928171513对照样本.jpg",9,352,1272,97,68
"多瑕疵图片/脏点,角位漏底20180928171513对照样本.jpg",9,1396,1334,103,74
"多瑕疵图片/脏点,角位漏底20180928171513对照样本.jpg",9,1820,1093,100,53
"多瑕疵图片/脏点,角位漏底20180928172657对照样本.jpg",2,0,664,2560,117
"多瑕疵图片/脏点,角位漏底20180928172657对照样本.jpg",9,988,1011,94,50
"多瑕疵图片/脏点,角位漏底20180928172827对照样本.jpg",2,0,814,2126,119
"多瑕疵图片/脏点,角位漏底20180928172827对照样本.jpg",9,1858,1078,68,56
"多瑕疵图片/脏点,角位漏底20180928172827对照样本.jpg",9,1579,1034,97,74
"多瑕疵图片/起坑,脏点20180928110438对照样本.jpg",7,3,617,2557,82
"多瑕疵图片/起坑,脏点20180928110438对照样本.jpg",9,760,311,94,60
"多瑕疵图片/起坑,脏点20180928140534对照样本.jpg",7,0,1003,2560,104
"多瑕疵图片/起坑,脏点20180928140534对照样本.jpg",9,558,1187,35,33
"多瑕疵图片/起坑,脏点20180928140534对照样本.jpg",9,1156,1266,41,33
"多瑕疵图片/起坑,脏点20180928140602对照样本.jpg",9,1293,1324,61,59
"多瑕疵图片/起坑,脏点20180928140602对照样本.jpg",9,2236,1075,102,91
"多瑕疵图片/起坑,脏点20180928140602对照样本.jpg",7,0,941,2560,103
"多瑕疵图片/起坑,脏点20180928140635对照样本.jpg",9,195,1042,59,45
"多瑕疵图片/起坑,脏点20180928140635对照样本.jpg",9,1875,1130,71,59
"多瑕疵图片/起坑,脏点20180928140635对照样本.jpg",7,0,928,2560,106
"多瑕疵图片/起坑,脏点20180928190854对照样本.jpg",7,0,1181,2560,36
"多瑕疵图片/起坑,脏点20180928190854对照样本.jpg",9,1228,848,51,53
"多瑕疵图片/起坑,脏点20180928190854对照样本.jpg",9,0,817,660,370
"多瑕疵图片/起坑,脏点20180928190908对照样本.jpg",7,0,977,2560,32
"多瑕疵图片/起坑,脏点20180928190908对照样本.jpg",9,16,640,524,316
"多瑕疵图片/起坑,脏点20180928190908对照样本.jpg",9,9,1017,182,103
"多瑕疵图片/起坑,脏点20180928190955对照样本.jpg",9,3,611,298,355
"多瑕疵图片/起坑,脏点20180928190955对照样本.jpg",9,1489,654,61,33
"多瑕疵图片/起坑,脏点20180928190955对照样本.jpg",9,0,975,2560,26
"多瑕疵图片/起坑,脏点20180928190955对照样本.jpg",7,0,977,2560,26
"多瑕疵图片/起坑,脏点20180928191039对照样本.jpg",7,0,1181,2560,61
"多瑕疵图片/起坑,脏点20180928191039对照样本.jpg",9,0,850,287,325
"多瑕疵图片/起坑,脏点20180928191039对照样本.jpg",9,863,817,36,47
"多瑕疵图片/起坑,脏点20180928191140对照样本.jpg",9,1260,1130,49,47
"多瑕疵图片/起坑,脏点20180928191140对照样本.jpg",9,2277,1224,47,47
"多瑕疵图片/起坑,脏点20180928191140对照样本.jpg",7,0,1423,2560,94
"多瑕疵图片/起坑,脏点20180928191157对照样本.jpg",9,1985,1154,55,37
"多瑕疵图片/起坑,脏点20180928191157对照样本.jpg",7,0,1442,2560,86
"多瑕疵图片/起坑,脏点20180928191225对照样本.jpg",9,816,832,161,61
"多瑕疵图片/起坑,脏点20180928191225对照样本.jpg",7,0,1203,2560,59
"多瑕疵图片/起坑,脏点20180928191504对照样本.jpg",7,0,1083,2560,63
"多瑕疵图片/起坑,脏点20180928191504对照样本.jpg",9,1,736,847,496
"多瑕疵图片/起坑,脏点20180928191543对照样本.jpg",9,1856,571,39,55
"多瑕疵图片/起坑,脏点20180928191543对照样本.jpg",7,0,864,2560,76
"多瑕疵图片/起坑,脏点20180928191634对照样本.jpg",7,0,1307,2560,145
"多瑕疵图片/起坑,脏点20180928191634对照样本.jpg",9,2060,983,62,39
"多瑕疵图片/起坑,脏点20180928191634对照样本.jpg",9,71,1199,65,110
"多瑕疵图片/起坑,脏点20180928191657对照样本.jpg",9,128,1242,41,41
"多瑕疵图片/起坑,脏点20180928191657对照样本.jpg",9,369,1175,45,53
"多瑕疵图片/起坑,脏点20180928191657对照样本.jpg",9,807,1095,53,114
"多瑕疵图片/起坑,脏点20180928191657对照样本.jpg",7,0,1366,2560,160
"多瑕疵图片/起坑,脏点20180928191815对照样本.jpg",9,495,466,43,45
"多瑕疵图片/起坑,脏点20180928191815对照样本.jpg",9,607,915,37,37
"多瑕疵图片/起坑,脏点20180928191815对照样本.jpg",9,16,858,36,33
"多瑕疵图片/起坑,脏点20180928191815对照样本.jpg",7,0,793,2560,61
"多瑕疵图片/起坑,脏点20180928192044对照样本.jpg",9,1787,1191,41,35
"多瑕疵图片/起坑,脏点20180928192044对照样本.jpg",9,0,677,901,436
"多瑕疵图片/起坑,脏点20180928192044对照样本.jpg",7,0,789,2560,145
"多瑕疵图片/起坑,脏点20180928192055对照样本.jpg",7,0,799,2560,127
"多瑕疵图片/起坑,脏点20180928192055对照样本.jpg",9,767,707,36,39
"多瑕疵图片/起坑,脏点20180928192055对照样本.jpg",9,1352,1038,33,37
"多瑕疵图片/起坑,脏点20180928192119对照样本.jpg",9,0,379,428,412
"多瑕疵图片/起坑,脏点20180928192119对照样本.jpg",9,1244,930,49,39
"多瑕疵图片/起坑,脏点20180928192119对照样本.jpg",7,0,506,2560,133
"多瑕疵图片/起坑,脏点20180928192250对照样本.jpg",9,1438,1230,33,49
"多瑕疵图片/起坑,脏点20180928192250对照样本.jpg",7,0,1007,2560,37
"多瑕疵图片/起坑,脏点20180928192250对照样本.jpg",9,14,1060,889,202
"多瑕疵图片/起坑,脏点20180928192250对照样本.jpg",9,0,873,809,122
"多瑕疵图片/起坑,脏点20180928192309对照样本.jpg",7,0,950,2560,41
"多瑕疵图片/起坑,脏点20180928192309对照样本.jpg",9,11,815,500,123
"多瑕疵图片/起坑,脏点20180928192309对照样本.jpg",9,0,981,595,328
"多瑕疵图片/起坑,脏点20180928192340对照样本.jpg",9,0,720,718,483
"多瑕疵图片/起坑,脏点20180928192340对照样本.jpg",7,0,860,2560,49
"多瑕疵图片/起坑,脏点20180928192612对照样本.jpg",9,0,517,787,486
"多瑕疵图片/起坑,脏点20180928192612对照样本.jpg",7,0,646,2560,147
"多瑕疵图片/起坑,脏点20180928192612对照样本.jpg",9,1787,587,312,63
"多瑕疵图片/起坑,脏点20180928192638对照样本.jpg",7,0,844,2560,141
"多瑕疵图片/起坑,脏点20180928192638对照样本.jpg",9,7,715,580,129
"多瑕疵图片/起坑,脏点20180928192638对照样本.jpg",9,126,936,320,169
"多瑕疵图片/起坑,脏点20180929110931对照样本.jpg",7,0,1048,2560,135
"多瑕疵图片/起坑,脏点20180929110931对照样本.jpg",9,291,1338,69,41
"多瑕疵图片/起坑,脏点20180929110943对照样本.jpg",7,0,938,2560,112
"多瑕疵图片/起坑,脏点20180929110943对照样本.jpg",9,1699,920,57,40
"多瑕疵图片/起坑,脏点20180929110943对照样本.jpg",9,1532,715,55,39
"多瑕疵图片/起坑,脏点20180929111014对照样本.jpg",7,0,828,2560,110
"多瑕疵图片/起坑,脏点20180929111014对照样本.jpg",9,1226,869,32,30
"多瑕疵图片/起坑,脏点20180929111024对照样本.jpg",9,1301,569,55,38
"多瑕疵图片/起坑,脏点20180929111024对照样本.jpg",9,1765,1066,51,47
"多瑕疵图片/起坑,脏点20180929111024对照样本.jpg",7,0,809,2560,104
"多瑕疵图片/起坑,脏点20180929111044对照样本.jpg",9,1342,789,94,88
"多瑕疵图片/起坑,脏点20180929111044对照样本.jpg",7,0,964,2560,123
"多瑕疵图片/起坑,脏点20180929113708对照样本.jpg",9,554,903,41,29
"多瑕疵图片/起坑,脏点20180929113708对照样本.jpg",7,0,875,2560,38
"多瑕疵图片/起坑,脏点20180929113708对照样本.jpg",9,2452,562,55,53
"多瑕疵图片/起坑,脏点20180929114057对照样本.jpg",7,0,946,2560,90
"多瑕疵图片/起坑,脏点20180929114057对照样本.jpg",9,114,903,49,47
"多瑕疵图片/起坑,脏点20180929114928对照样本.jpg",7,0,1038,2560,71
"多瑕疵图片/起坑,脏点20180929114928对照样本.jpg",9,1181,1297,63,45
"多瑕疵图片/起坑,脏点20180929114934对照样本.jpg",9,54,1136,57,73
"多瑕疵图片/起坑,脏点20180929114934对照样本.jpg",7,0,862,2560,76
"多瑕疵图片/起坑,脏点20180929114943对照样本.jpg",7,0,1162,2560,45
"多瑕疵图片/起坑,脏点20180929114943对照样本.jpg",9,1089,1462,49,43
"多瑕疵图片/起坑,脏点20180929120303对照样本.jpg",9,1638,1162,41,29
"多瑕疵图片/起坑,脏点20180929120303对照样本.jpg",9,922,887,43,47
"多瑕疵图片/起坑,脏点20180929120303对照样本.jpg",7,0,1162,2560,143
